Status,Date,Description,Debit,Credit
Cleared,12/31/2024,"MONEY FOR THE REST OF TUCSON AZ null XXXXXXXXXXXX1091",25.00,
Cleared,12/30/2024,"ONLINE PAYMENT, THANK YOU",,-832.00
Cleared,12/29/2024,"QUIP NYC INC. NEW YORK NY null XXXXXXXXXXXX0172",17.44,
Cleared,12/29/2024,"BANKLESS NEW YORK NY null XXXXXXXXXXXX1091",22.00,
Cleared,12/29/2024,"GOOGLE *Google One 650-253-0000 CA",2.99,
Cleared,12/29/2024,"NYTIMES* 8006984637 NY",23.00,
Cleared,12/28/2024,"OTT* DROPOUT LOS ANGELES CA null XXXXXXXXXXXX3312",4.99,
Cleared,12/28/2024,"PRX.ORG BRIGHTON MA null XXXXXXXXXXXX4702",7.67,
Cleared,12/28/2024,"GOOGLE *HEADSPACE INC 650-253-0000 CA",13.85,
Cleared,12/28/2024,"DONOTPAY PALO ALTO CA null XXXXXXXXXXXX1297",36.00,
Cleared,12/26/2024,"APPLE.COM/BILL 866-712-7753 CA null XXXXXXXXXXXX1594",4.34,
Cleared,12/26/2024,"APPLE.COM/BILL 866-712-7753 CA null XXXXXXXXXXXX1594",19.56,
Cleared,12/25/2024,"GRUBHUB*GHPLUS 8775851085 NY",10.79,
Cleared,12/23/2024,"CLAUDE.AI SUBSCRIPTION SAN FRANCISCO CA",21.78,
Cleared,12/23/2024,"Roku for Disney Electr 8162728107 DE null XXXXXXXXXXXX4263",15.99,
Cleared,12/23/2024,"APPLE.COM/BILL 866-712-7753 CA null XXXXXXXXXXXX1594",2.99,
Cleared,12/23/2024,"PTC EZ PASS AUTO RE. HARRISBURG PA",60.00,
Cleared,12/22/2024,"WIX.COM 14156399034 CA",2.99,
Cleared,12/22/2024,"ZOOM.COM 888-799-9666 SAN JOSE CA null XXXXXXXXXXXX4757",16.37,
Cleared,12/21/2024,"CRYPTOALERTING NEWARK DE null XXXXXXXXXXXX1091",4.99,
Cleared,12/20/2024,"CEB/donationalerts.com Amsterdam NLD",10.30,
Cleared,12/20/2024,"FANSLY 4439834260 MD",8.00,
Cleared,12/20/2024,"FOREIGN TRANSACTION FEE",6.10,
Cleared,12/19/2024,"THE GROCERY LONDON GBR null XXXXXXXXXXXX1594",69.01,
Cleared,12/18/2024,"IMGNAI SHERIDAN WY null XXXXXXXXXXXX1091",6.90,
Cleared,12/18/2024,"GYROS LAB LONDON GBR null XXXXXXXXXXXX1594",19.09,
Cleared,12/15/2024,"KREA.AI SAN FRANCISCO CA null XXXXXXXXXXXX9030",15.00,
Cleared,12/15/2024,"APPLE.COM/BILL 866-712-7753 CA null XXXXXXXXXXXX1594",13.05,
Cleared,12/14/2024,"PANERA SIP CLUB 606283 855-372-6372 NY null XXXXXXXXXXXX7786",13.06,
Cleared,12/12/2024,"ETT*MARKELINSURANCE LEHI UT null XXXXXXXXXXXX8745",18.68,
Cleared,12/10/2024,"EE LTD LONDON GBR null XXXXXXXXXXXX1594",6.39,
Cleared,12/09/2024,"Gyros Lab London GB London GBR null XXXXXXXXXXXX1594",9.61,
Cleared,12/08/2024,"Gyros Lab London GB London GBR null XXXXXXXXXXXX1594",14.10,
Cleared,12/08/2024,"OPENAI *CHATGPT SUBSCR SAN FRANCISCO CA null XXXXXXXXXXXX1021",21.78,
Cleared,12/08/2024,"POKERGO SUBSCRIPTION LAS VEGAS NV null XXXXXXXXXXXX8311",29.99,
Cleared,12/06/2024,"Account Pro by AOL 8008276364 VA",7.61,
Cleared,12/06/2024,"APPLE.COM/BILL 866-712-7753 CA null XXXXXXXXXXXX1594",20.68,
Cleared,12/06/2024,"AMC 9640 ONLINE LEAWOOD KS",24.95,
Cleared,12/05/2024,"WIX.COM 14156399034 CA",2.99,
Cleared,12/04/2024,"SUNDAYS INSURANCE WILMINGTON DE null XXXXXXXXXXXX1091",12.00,
Cleared,12/04/2024,"APPLE.COM/BILL CUPERTINO CA null XXXXXXXXXXXX1594",48.95,
Cleared,12/03/2024,"Spotify USA New York NY null XXXXXXXXXXXX8871",16.99,
Cleared,12/01/2024,"AGI*RENTERS/CONDO INS 800-370-1990 FL",12.50,
Cleared,12/01/2024,"MONEY FOR THE REST OF TUCSON AZ null XXXXXXXXXXXX1091",25.00,
Cleared,12/01/2024,"ABC*30835-NYSC NEW YORK NY",57.46,
Cleared,12/01/2024,"Google GSUITE_gmdao.or Dublin IRL",79.06,
Cleared,12/01/2024,"NYTIMES* 8006984637 NY",23.00,
Cleared,11/30/2024,"BANKLESS NEW YORK NY null XXXXXXXXXXXX1091",22.00,
Cleared,11/30/2024,"Downland Produce (mar Melksham GBR null XXXXXXXXXXXX1594",6.80,
Cleared,11/29/2024,"GOOGLE *Google One 650-253-0000 CA",2.99,
Cleared,11/28/2024,"OTT* DROPOUT LOS ANGELES CA null XXXXXXXXXXXX3312",4.99,
Cleared,11/28/2024,"PRX.ORG BRIGHTON MA null XXXXXXXXXXXX4702",7.67,
Cleared,11/28/2024,"GOOGLE *HEADSPACE INC 650-253-0000 CA",13.85,
Cleared,11/27/2024,"APPLE.COM/BILL 866-712-7753 CA null XXXXXXXXXXXX1594",10.86,
Cleared,11/26/2024,"ONLINE PAYMENT, THANK YOU",,-144.26
Cleared,11/25/2024,"THINK DIFFUSION INC. HOUSTON TX",20.00,
Cleared,11/25/2024,"GRUBHUB*GHPLUS 8775851085 NY",10.79,
Cleared,11/23/2024,"Roku for Disney Electr 8162728107 DE null XXXXXXXXXXXX4263",15.99,
Cleared,11/23/2024,"APPLE.COM/BILL CUPERTINO CA null XXXXXXXXXXXX1594",2.99,
Cleared,11/22/2024,"WIX.COM 14156399034 CA",2.99,
Cleared,11/22/2024,"ZOOM.US 888-799-9666 SAN JOSE CA null XXXXXXXXXXXX4757",16.37,
Cleared,11/21/2024,"CRYPTOALERTING NEWARK DE null XXXXXXXXXXXX1091",4.99,
Cleared,11/21/2024,"PTC EZ PASS AUTO RE. HARRISBURG PA",60.00,
Cleared,11/21/2024,"FOREIGN TRANSACTION FEE",2.43,
Cleared,11/20/2024,"FANSLY 4439834260 MD",8.00,
Cleared,11/20/2024,"ONLINE PAYMENT, THANK YOU",,-717.92
Cleared,11/20/2024,"CEB/donationalerts.com Amsterdam NLD",10.50,
Cleared,11/17/2024,"IMGNAI SHERIDAN WY null XXXXXXXXXXXX1091",6.90,
Cleared,11/15/2024,"KREA.AI SAN FRANCISCO CA null XXXXXXXXXXXX9030",15.00,
Cleared,11/14/2024,"PANERA SIP CLUB 606283 855-372-6372 NY null XXXXXXXXXXXX7786",13.06,
Cleared,11/09/2024,"SQSP* INV157024732 NEW YORK NY null XXXXXXXXXXXX9438",12.00,
Cleared,11/09/2024,"WIX.COM 1145813183 SAN FRANCISCO CA",348.00,
Cleared,11/09/2024,"APPLE.COM/BILL 866-712-7753 CA null XXXXXXXXXXXX1594",39.18,
Cleared,11/09/2024,"RUTHERFORD BOROUGH MUN OLATHE KS",56.65,
Cleared,11/09/2024,"APPLE.COM/BILL 866-712-7753 CA null XXXXXXXXXXXX1594",108.86,
Cleared,11/08/2024,"SP BROC SHOT LOS ANGELES CA null XXXXXXXXXXXX5356",71.54,
Cleared,11/08/2024,"OPENAI *CHATGPT SUBSCR SAN FRANCISCO CA null XXXXXXXXXXXX1021",21.78,
Cleared,11/07/2024,"ONLINE PAYMENT, THANK YOU",,-833.87
Cleared,11/06/2024,"Account Pro by AOL 8008276364 VA",7.61,
Cleared,11/06/2024,"AMC 9640 ONLINE LEAWOOD KS",24.95,
Cleared,11/05/2024,"SUNDAYS INSURANCE WILMINGTON DE null XXXXXXXXXXXX1091",12.00,
Cleared,11/05/2024,"WIX.COM 1145131829 SAN FRANCISCO CA",2.99,
Cleared,11/05/2024,"APPLE.COM/BILL 866-712-7753 CA null XXXXXXXXXXXX1594",5.43,
Cleared,11/05/2024,"AMZ*Amazon Payments AMZN.COM/BILL WA null XXXXXXXXXXXX5720",481.52,
Cleared,11/04/2024,"NYTIMES* 8006984637 NY",23.00,
Cleared,11/03/2024,"Spotify USA New York NY null XXXXXXXXXXXX8871",16.99,
Cleared,11/01/2024,"AGI*RENTERS/CONDO INS 800-370-1990 FL",12.50,
Cleared,11/01/2024,"OPS*COINMACH 330 WEST NEW YORK NY",2.40,
Cleared,11/01/2024,"ABC*30835-NYSC NEW YORK NY",57.46,
Cleared,11/01/2024,"Google GSUITE_gmdao.or Dublin IRL",81.22,
Cleared,11/01/2024,"PTC EZ PASS AUTO RE. HARRISBURG PA",60.00,
Cleared,10/31/2024,"ONLINE PAYMENT, THANK YOU",,-513.01
Cleared,10/31/2024,"MONEY FOR THE REST OF TUCSON AZ null XXXXXXXXXXXX1091",25.00,
Cleared,10/31/2024,"SQSP* INV155809806 NEW YORK NY null XXXXXXXXXXXX9438",12.00,
Cleared,10/31/2024,"SQSP* INV155809894 NEW YORK NY null XXXXXXXXXXXX9438",12.00,
Cleared,10/30/2024,"BANKLESS NEW YORK NY null XXXXXXXXXXXX1091",22.00,
Cleared,10/30/2024,"APPLE.COM/BILL 866-712-7753 CA null XXXXXXXXXXXX1594",21.75,
Cleared,10/29/2024,"GOOGLE *Google One 650-253-0000 CA",2.99,
Cleared,10/28/2024,"OTT* DROPOUT LOS ANGELES CA null XXXXXXXXXXXX3312",4.99,
Cleared,10/28/2024,"PRX.ORG BRIGHTON MA null XXXXXXXXXXXX4702",7.67,
Cleared,10/28/2024,"GOOGLE *HEADSPACE INC 650-253-0000 CA",13.85,
Cleared,10/25/2024,"GRUBHUB*GHPLUS 8775851085 NY",10.79,
Cleared,10/25/2024,"APPLE.COM/BILL CUPERTINO CA null XXXXXXXXXXXX1594",17.40,
Cleared,10/24/2024,"WIX.COM 1143113937 SAN FRANCISCO CA",121.70,
Cleared,10/23/2024,"OPS*COINMACH 330 WEST NEW YORK NY",5.80,
Cleared,10/23/2024,"Roku for Disney Electr 8162728107 DE null XXXXXXXXXXXX4263",15.99,
Cleared,10/23/2024,"APPLE.COM/BILL 866-712-7753 CA null XXXXXXXXXXXX1594",2.99,
Cleared,10/22/2024,"WIX.COM 14156399034 CA",2.99,
Cleared,10/22/2024,"ZOOM.US 888-799-9666 SAN JOSE CA null XXXXXXXXXXXX4757",16.37,
Cleared,10/21/2024,"CRYPTOALERTING NEWARK DE null XXXXXXXXXXXX1091",4.99,
Cleared,10/21/2024,"CEB/donationalerts.com Amsterdam NLD",10.80,
Cleared,10/21/2024,"FOREIGN TRANSACTION FEE",6.53,
Cleared,10/20/2024,"FANSLY 4439834260 MD",8.00,
Cleared,10/16/2024,"IMGNAI SHERIDAN WY null XXXXXXXXXXXX1091",6.90,
Cleared,10/15/2024,"KREA.AI SAN FRANCISCO CA",15.00,
Cleared,10/15/2024,"PANERA SIP CLUB 606283 855-372-6372 NY null XXXXXXXXXXXX7786",13.06,
Cleared,10/15/2024,"NYCDOT PARKING METERS LONG ISLAND C NY",7.50,
Cleared,10/15/2024,"NYCDOT PARKING METERS LONG ISLAND C NY",7.50,
Cleared,10/08/2024,"OPENAI *CHATGPT SUBSCR SAN FRANCISCO CA null XXXXXXXXXXXX1021",21.78,
Cleared,10/08/2024,"WORK HIVE SLC SALT LAKE CIT UT",25.00,
Cleared,10/07/2024,"ONLINE PAYMENT, THANK YOU",,-291.14
Cleared,10/07/2024,"NYTIMES* 8006984637 NY",23.00,
Cleared,10/07/2024,"UBER *ONE 8005928996 CA null XXXXXXXXXXXX7786",9.99,
Cleared,10/07/2024,"AMC 9640 ONLINE LEAWOOD KS",24.95,
Cleared,10/06/2024,"Account Pro by AOL 8008276364 VA",7.61,
Cleared,10/05/2024,"WIX.COM 1140055503 SAN FRANCISCO CA",2.99,
Cleared,10/05/2024,"SUNDAYS INSURANCE WILMINGTON DE null XXXXXXXXXXXX1091",12.00,
Cleared,10/04/2024,"APPLE.COM/BILL 866-712-7753 CA null XXXXXXXXXXXX1594",59.88,
Cleared,10/03/2024,"Spotify USA New York NY null XXXXXXXXXXXX8871",16.99,
Cleared,10/02/2024,"APPLE.COM/BILL 866-712-7753 CA null XXXXXXXXXXXX1594",47.84,
Cleared,10/02/2024,"PTC EZ PASS AUTO RE. HARRISBURG PA",60.00,
Cleared,10/01/2024,"ONLINE PAYMENT, THANK YOU",,-1075.80
Cleared,10/01/2024,"MONEY FOR THE REST OF TUCSON AZ null XXXXXXXXXXXX1091",25.00,
Cleared,10/01/2024,"AGI*RENTERS/CONDO INS 800-370-1990 FL",12.50,
Cleared,10/01/2024,"ABC*30835-NYSC NEW YORK NY",57.46,
Cleared,10/01/2024,"Google GSUITE_gmdao.or Dublin IRL",71.35,
Cleared,09/30/2024,"BANKLESS NEW YORK NY null XXXXXXXXXXXX1091",22.00,
Cleared,09/29/2024,"QUIP NYC INC. NEW YORK NY null XXXXXXXXXXXX0172",17.44,
Cleared,09/29/2024,"GOOGLE *Google One 650-253-0000 CA",2.99,
Cleared,09/28/2024,"OTT* DROPOUT LOS ANGELES CA null XXXXXXXXXXXX3312",4.99,
Cleared,09/28/2024,"GOOGLE *HEADSPACE INC 650-253-0000 CA",13.85,
Cleared,09/28/2024,"PRX.ORG BRIGHTON MA null XXXXXXXXXXXX4702",7.67,
Cleared,09/28/2024,"DONOTPAY PALO ALTO CA null XXXXXXXXXXXX1297",15.00,
Cleared,09/28/2024,"DONOTPAY PALO ALTO CA null XXXXXXXXXXXX1297",36.00,
Cleared,09/26/2024,"CITY OF DETROIT MUNPL. DETROIT MI",1.00,
Cleared,09/26/2024,"APPLE.COM/BILL 866-712-7753 CA null XXXXXXXXXXXX1594",17.40,
Cleared,09/25/2024,"GRUBHUB*GHPLUS 8775851085 NY",10.79,
Cleared,09/24/2024,"APPLE.COM/BILL 866-712-7753 CA null XXXXXXXXXXXX1594",2.99,
Cleared,09/23/2024,"Roku for Disney Electr 8162728107 DE null XXXXXXXXXXXX4263",13.99,
Cleared,09/22/2024,"WIX.COM 14156399034 CA",2.99,
Cleared,09/22/2024,"ZOOM.US 888-799-9666 SAN JOSE CA null XXXXXXXXXXXX4757",16.37,
Cleared,09/21/2024,"CRYPTOALERTING NEWARK DE null XXXXXXXXXXXX1091",4.99,
Cleared,09/21/2024,"CEB/donationalerts.com Amsterdam NLD",11.20,
Cleared,09/20/2024,"MIDJOURNEY INC. SOUTH SAN FRA CA null XXXXXXXXXXXX7945",,-10.89
Cleared,09/20/2024,"DIABETES CLOUD FZE ABU DHABI ARE null XXXXXXXXXXXX1594",98.20,
Cleared,09/20/2024,"Genova Diagnostics UK +442083367750 GBR",146.50,
Cleared,09/20/2024,"FANSLY 4439834260 MD",8.00,
Cleared,09/20/2024,"MEMBERSHIP FEE SEP 24-AUG 25",0.00,
Cleared,09/20/2024,"FOREIGN TRANSACTION FEE",15.38,
Cleared,09/19/2024,"BROC SHOT LOS ANGELES CA null XXXXXXXXXXXX5356",164.33,
Cleared,09/17/2024,"MIDJOURNEY INC. SOUTH SAN FRA CA null XXXXXXXXXXXX7945",10.89,
Cleared,09/15/2024,"KREA.AI SAN FRANCISCO CA null XXXXXXXXXXXX1091",15.00,
Cleared,09/15/2024,"PANERA SIP CLUB 606283 855-372-6372 NY null XXXXXXXXXXXX7786",13.05,
Cleared,09/15/2024,"IMGNAI SHERIDAN WY null XXXXXXXXXXXX1091",6.90,
Cleared,09/14/2024,"APPLE.COM/BILL 866-712-7753 CA null XXXXXXXXXXXX1594",20.68,
Cleared,09/11/2024,"CITYSUN LIMITED LONDON E2 GBR null XXXXXXXXXXXX1594",21.62,
Cleared,09/09/2024,"ONLINE PAYMENT, THANK YOU",,-1580.25
Cleared,09/09/2024,"NYTIMES* 8006984637 NY",20.00,
Cleared,09/08/2024,"OPENAI *CHATGPT SUBSCR SAN FRANCISCO CA null XXXXXXXXXXXX1021",21.78,
Cleared,09/08/2024,"POKERGO SUBSCRIPTION LAS VEGAS NV null XXXXXXXXXXXX8311",29.99,
Cleared,09/08/2024,"STAGECOACH BUS TICKET GBR null XXXXXXXXXXXX1594",31.78,
Cleared,09/08/2024,"NEBULA SUBSCRIPTION DENVER CO null XXXXXXXXXXXX3508",50.00,
Cleared,09/08/2024,"BOSTON TEA PARTY CHICH EXETER GBR null XXXXXXXXXXXX1594",63.56,
Cleared,09/08/2024,"THE FAT FIG CHICHESTER GBR null XXXXXXXXXXXX1594",5.03,
Cleared,09/08/2024,"Zettle_*Amani kitchen Hitchin GBR null XXXXXXXXXXXX1594",6.89,
Cleared,09/08/2024,"THE FAT FIG CHICHESTER GBR null XXXXXXXXXXXX1594",11.98,
Cleared,09/07/2024,"Symonds Event Bars 4 Bromyard GBR null XXXXXXXXXXXX1594",23.31,
Cleared,09/07/2024,"STAGECOACH BUS TICKET GBR null XXXXXXXXXXXX1594",31.78,
Cleared,09/07/2024,"SIE*PLAYSTATIONNETWORK 800-345-7669 CA",19.59,
Cleared,09/07/2024,"AMC 9640 ONLINE LEAWOOD KS",24.95,
Cleared,09/06/2024,"Account Pro by AOL 8008276364 VA",7.61,
Cleared,09/06/2024,"STAGECOACH BUS TICKET GBR null XXXXXXXXXXXX1594",23.84,
Cleared,09/05/2024,"SUNDAYS INSURANCE WILMINGTON DE null XXXXXXXXXXXX1091",12.00,
Cleared,09/05/2024,"WIX.COM 1134966127 SAN FRANCISCO CA",2.99,
Cleared,09/05/2024,"THE GROCERY LONDON GBR null XXXXXXXXXXXX1594",26.11,
Cleared,09/04/2024,"APPLE.COM/BILL 866-712-7753 CA null XXXXXXXXXXXX1594",25.02,
Cleared,09/04/2024,"Pie Hole London GBR",30.40,
Cleared,09/04/2024,"APPLE.COM/BILL 866-712-7753 CA null XXXXXXXXXXXX1594",36.49,
Cleared,09/03/2024,"Spotify USA New York NY null XXXXXXXXXXXX8871",16.99,
Cleared,09/02/2024,"SIE*PLAYSTATIONNETWORK 800-345-7669 CA",13.05,
Cleared,09/01/2024,"AGI*RENTERS/CONDO INS 800-370-1990 FL",12.50,
Cleared,09/01/2024,"ABC*30835-NYSC NEW YORK NY",57.46,
Cleared,09/01/2024,"Google GSUITE_gmdao.or Dublin IRL",66.22,
Cleared,08/31/2024,"MONEY FOR THE REST OF TUCSON AZ null XXXXXXXXXXXX1091",25.00,
Cleared,08/29/2024,"BANKLESS NEW YORK NY null XXXXXXXXXXXX1091",22.00,
Cleared,08/29/2024,"GURKHA CHEF Newbury GBR null XXXXXXXXXXXX1594",68.13,
Cleared,08/29/2024,"GOOGLE *Google One 650-253-0000 CA",2.99,
Cleared,08/28/2024,"OTT* DROPOUT LOS ANGELES CA null XXXXXXXXXXXX3312",4.99,
Cleared,08/28/2024,"PRX.ORG BRIGHTON MA null XXXXXXXXXXXX4702",7.67,
Cleared,08/28/2024,"GOOGLE *HEADSPACE INC 650-253-0000 CA",13.85,
Cleared,08/27/2024,"APPLE.COM/BILL 866-712-7753 CA null XXXXXXXXXXXX1594",10.86,
Cleared,08/27/2024,"THE GROCERY LONDON GBR null XXXXXXXXXXXX1594",38.56,
Cleared,08/26/2024,"SAVEWAY EXPRESS LONDON GBR null XXXXXXXXXXXX1594",2.98,
Cleared,08/25/2024,"Premier Elm Row Edinburgh GBR null XXXXXXXXXXXX1594",9.25,
Cleared,08/25/2024,"GRUBHUB*GHPLUS 8775851085 NY",10.79,
Cleared,08/24/2024,"SAINSBURYS S/MKTS EDINBURGH SOU GBR null XXXXXXXXXXXX1594",2.18,
Cleared,08/23/2024,"Roku for Disney Electr 8162728107 DE null XXXXXXXXXXXX4263",13.99,
Cleared,08/23/2024,"APPLE.COM/BILL CUPERTINO CA null XXXXXXXXXXXX1594",2.99,
Cleared,08/22/2024,"WIX.COM 14156399034 CA",2.99,
Cleared,08/22/2024,"mygam/donationalerts.c Amsterdam NLD",11.30,
Cleared,08/22/2024,"ZOOM.US 888-799-9666 SAN JOSE CA null XXXXXXXXXXXX4757",16.37,
Cleared,08/22/2024,"MEGANS ISLINGTON LONDON GBR null XXXXXXXXXXXX1594",36.64,
Cleared,08/21/2024,"CRYPTOALERTING NEWARK DE null XXXXXXXXXXXX1091",4.99,
Cleared,08/21/2024,"GYROS LAB LONDON GBR null XXXXXXXXXXXX1594",16.32,
Cleared,08/21/2024,"FOREIGN TRANSACTION FEE",8.61,
Cleared,08/19/2024,"MEGANS ISLINGTON LONDON GBR",81.10,
Cleared,08/18/2024,"The Swan Inn Newbury GBR",34.70,
Cleared,08/17/2024,"MIDJOURNEY INC. SOUTH SAN FRA CA null XXXXXXXXXXXX7945",10.89,
Cleared,08/16/2024,"JOHN RADCLIFF HOSPITAL OXFORD GBR null XXXXXXXXXXXX1594",3.86,
Cleared,08/16/2024,"PANERA SIP CLUB 606283 855-372-6372 NY null XXXXXXXXXXXX7786",13.05,
Cleared,08/15/2024,"JOHN RADCLIFF HOSPITAL OXFORD GBR null XXXXXXXXXXXX1594",7.15,
Cleared,08/15/2024,"KREA.AI SAN FRANCISCO CA null XXXXXXXXXXXX1091",15.00,
Cleared,08/15/2024,"NYX*LtdUK Warrington GBR",1.80,
Cleared,08/15/2024,"NYX*LtdUK Warrington GBR",1.93,
Cleared,08/15/2024,"NYX*LtdUK Warrington GBR",1.93,
Cleared,08/15/2024,"SumUp *Aydin Kececi Oxford GBR null XXXXXXXXXXXX1594",8.37,
Cleared,08/15/2024,"JOHN RADCLIFF HOSPITAL OXFORD GBR null XXXXXXXXXXXX1594",12.36,
Cleared,08/15/2024,"TESCO STORES 6880 HEADINGTON GBR",23.14,
Cleared,08/14/2024,"NYX*LtdUK Warrington GBR",2.57,
Cleared,08/14/2024,"IMGNAI SHERIDAN WY null XXXXXXXXXXXX1091",6.90,
Cleared,08/14/2024,"JOHN RADCLIFF HOSPITAL OXFORD GBR",7.45,
Cleared,08/14/2024,"JOHN RADCLIFF HOSPITAL OXFORD GBR",11.30,
Cleared,08/14/2024,"CO-OP GROUP 350035 Cherwell Driv GBR",26.71,
Cleared,08/13/2024,"APPLE.COM/BILL 866-712-7753 CA null XXXXXXXXXXXX1594",39.18,
Cleared,08/13/2024,"AMZ*Amazon Payments AMZN.COM/BILL WA null XXXXXXXXXXXX5720",63.43,
Cleared,08/12/2024,"Audible*RM1J462V0 8882835051 NJ",14.95,
Cleared,08/11/2024,"NYTimes*NYTimes 8006984637 NY",20.00,
Cleared,08/08/2024,"NEBULA SUBSCRIPTION DENVER CO null XXXXXXXXXXXX3508",5.00,
Cleared,08/08/2024,"OPENAI *CHATGPT SUBSCR SAN FRANCISCO CA null XXXXXXXXXXXX1021",21.78,
Cleared,08/07/2024,"SIE*PLAYSTATIONNETWORK 800-345-7669 CA",19.59,
Cleared,08/07/2024,"AMC 9640 ONLINE LEAWOOD KS",24.95,
Cleared,08/06/2024,"Account Pro by AOL 8008276364 VA",7.61,
Cleared,08/05/2024,"SUNDAYS INSURANCE WILMINGTON DE null XXXXXXXXXXXX1091",12.00,
Cleared,08/05/2024,"WIX.COM 14156399034 CA",2.99,
Cleared,08/04/2024,"APPLE.COM/BILL CUPERTINO CA null XXXXXXXXXXXX1594",17.99,
Cleared,08/03/2024,"Spotify USA New York NY null XXXXXXXXXXXX8871",16.99,
Cleared,08/02/2024,"SIE*PLAYSTATIONNETWORK 800-345-7669 CA",13.05,
Cleared,08/02/2024,"RYANAIR PSI83H0 0 K67X452 IRL null XXXXXXXXXXXX1594",49.00,
Cleared,08/01/2024,"APPLE.COM/BILL 866-712-7753 CA null XXXXXXXXXXXX1594",4.99,
Cleared,08/01/2024,"APPLE.COM/BILL 866-712-7753 CA null XXXXXXXXXXXX1594",4.99,
Cleared,08/01/2024,"APPLE.COM/BILL 866-712-7753 CA null XXXXXXXXXXXX1594",5.99,
Cleared,08/01/2024,"APPLE.COM/BILL 866-712-7753 CA null XXXXXXXXXXXX1594",6.99,
Cleared,08/01/2024,"APPLE.COM/BILL 866-712-7753 CA null XXXXXXXXXXXX1594",6.99,
Cleared,08/01/2024,"APPLE.COM/BILL 866-712-7753 CA null XXXXXXXXXXXX1594",6.99,
Cleared,08/01/2024,"AGI*RENTERS/CONDO INS 800-370-1990 FL",12.50,
Cleared,08/01/2024,"APPLE.COM/BILL 866-712-7753 CA null XXXXXXXXXXXX1594",19.59,
Cleared,08/01/2024,"ABC*30835-NYSC NEW YORK NY",57.46,
Cleared,08/01/2024,"Google GSUITE_gmdao.or Dublin IRL",64.75,
Cleared,07/31/2024,"ONLINE PAYMENT, THANK YOU",,-119.45
Cleared,07/31/2024,"MONEY FOR THE REST OF TUCSON AZ null XXXXXXXXXXXX1091",25.00,
Cleared,07/31/2024,"ALLIANZ INSURANCE 8668843556 VA",125.00,
Cleared,07/29/2024,"BANKLESS NEW YORK NY null XXXXXXXXXXXX1091",22.00,
Cleared,07/29/2024,"GOOGLE *Google One 650-253-0000 CA",2.99,
Cleared,07/28/2024,"ONLINE PAYMENT, THANK YOU",,-632.71
Cleared,07/28/2024,"GOOGLE *HEADSPACE INC 650-253-0000 CA",13.85,
Cleared,07/28/2024,"OTT* DROPOUT LOS ANGELES CA null XXXXXXXXXXXX3312",4.99,
Cleared,07/28/2024,"PRX.ORG BRIGHTON MA null XXXXXXXXXXXX4702",7.67,
Cleared,07/27/2024,"WP CENTER PARKING DPT WHITE PLAINS NY",3.75,
Cleared,07/27/2024,"APPLE.COM/BILL 866-712-7753 CA null XXXXXXXXXXXX1594",9.77,
Cleared,07/27/2024,"APPLE.COM/BILL 866-712-7753 CA null XXXXXXXXXXXX1594",54.43,
Cleared,07/25/2024,"DUNKIN #353590 WAPPINGERS FA NY",3.99,
Cleared,07/25/2024,"GRUBHUBGHPLUS 8775851085 NY",10.79,
Cleared,07/24/2024,"WM SUPERCENTER #1810 FISHKILL NY",9.10,
Cleared,07/24/2024,"mygam/donationalerts.c Amsterdam NLD",11.90,
Cleared,07/23/2024,"Roku for Disney Electr 8162728107 DE null XXXXXXXXXXXX4263",13.99,
Cleared,07/23/2024,"APPLE.COM/BILL 866-712-7753 CA null XXXXXXXXXXXX1594",2.99,
Cleared,07/22/2024,"WIX.COM 1127473517 SAN FRANCISCO CA",2.99,
Cleared,07/22/2024,"ZOOM.US 888-799-9666 SAN JOSE CA null XXXXXXXXXXXX4757",16.37,
Cleared,07/22/2024,"PTC EZ PASS AUTO RE. HARRISBURG PA",60.00,
Cleared,07/21/2024,"CRYPTOALERTING NEWARK DE null XXXXXXXXXXXX1091",4.99,
Cleared,07/20/2024,"PTC EZ PASS AUTO RE. HARRISBURG PA",60.00,
Cleared,07/19/2024,"SP BROC SHOT LOS ANGELES CA null XXXXXXXXXXXX5356",75.30,
Cleared,07/19/2024,"APPLE.COM/BILL CUPERTINO CA null XXXXXXXXXXXX1594",43.54,
Cleared,07/19/2024,"FOREIGN TRANSACTION FEE",3.44,
Cleared,07/18/2024,"ONLYFANS.COM*A 8886880458 FL",15.99,
Cleared,07/17/2024,"MIDJOURNEY INC. SOUTH SAN FRA CA null XXXXXXXXXXXX7945",10.89,
Cleared,07/17/2024,"PANERA SIP CLUB 606283 855-372-6372 NY null XXXXXXXXXXXX7786",13.05,
Cleared,07/16/2024,"AUTOPAY 230520090055445RAUTOPAY AUTO-PMT",,-41.00
Cleared,07/16/2024,"ONLINE PAYMENT, THANK YOU",,-927.06
Cleared,07/16/2024,"OPTICONTACTS.COM 8669825367 WA null XXXXXXXXXXXX1594",194.39,
Cleared,07/16/2024,"LENSCRAFTERS 0170 POUGHKEEPSIE NY null XXXXXXXXXXXX1594",79.00,
Cleared,07/15/2024,"KREA.AI SAN FRANCISCO CA null XXXXXXXXXXXX1091",15.00,
Cleared,07/14/2024,"NYTimes*NYTimes 8006984637 NY",20.00,
Cleared,07/13/2024,"IMGNAI SHERIDAN WY null XXXXXXXXXXXX1091",6.90,
Cleared,07/12/2024,"Audible*RY4X479Y0 8882835051 NJ",14.95,
Cleared,07/11/2024,"GULF OIL 92063006 BEACON NY",23.06,
Cleared,07/09/2024,"Wix.Com, Inc. 11247698 New York NY null XXXXXXXXXXXX9109",2.99,
Cleared,07/09/2024,"SPEECHIFY* 01B104E9-00 KENTFIELD CA null XXXXXXXXXXXX7786",139.00,
Cleared,07/09/2024,"APPLE.COM/BILL CUPERTINO CA null XXXXXXXXXXXX1594",62.04,
Cleared,07/08/2024,"NEBULA SUBSCRIPTION DENVER CO null XXXXXXXXXXXX3508",5.00,
Cleared,07/08/2024,"OPENAI *CHATGPT SUBSCR SAN FRANCISCO CA null XXXXXXXXXXXX1021",21.78,
Cleared,07/08/2024,"APPLE.COM/BILL CUPERTINO CA null XXXXXXXXXXXX1594",42.44,
Cleared,07/07/2024,"SIE*PLAYSTATIONNETWORK 800-345-7669 CA",19.59,
Cleared,07/07/2024,"AMC 9640 ONLINE LEAWOOD KS",24.95,
Cleared,07/06/2024,"Account Pro by AOL 8008276364 VA",7.61,
Cleared,07/06/2024,"SP BARRISTERANDMANN HARTWICK NY",29.88,
Cleared,07/05/2024,"SUNDAYS INSURANCE WILMINGTON DE null XXXXXXXXXXXX1091",12.00,
Cleared,07/05/2024,"PAYPAL *NOUNPROJECT 4029357733 CA null XXXXXXXXXXXX2793",39.99,
Cleared,07/04/2024,"APPLE.COM/BILL 866-712-7753 CA null XXXXXXXXXXXX1594",32.65,
Cleared,07/04/2024,"APPLE.COM/BILL CUPERTINO CA null XXXXXXXXXXXX1594",17.99,
Cleared,07/04/2024,"APPLE.COM/BILL 866-712-7753 CA null XXXXXXXXXXXX1594",18.50,
Cleared,07/03/2024,"Spotify USA New York NY null XXXXXXXXXXXX8871",16.99,
Cleared,07/02/2024,"SIE*PLAYSTATIONNETWORK 800-345-7669 CA",13.05,
Cleared,07/01/2024,"ONLINE PAYMENT, THANK YOU",,-716.51
Cleared,07/01/2024,"ABC*30835-NYSC NEW YORK NY",57.46,
Cleared,07/01/2024,"Google GSUITE_gmdao.or Dublin IRL",63.99,
Cleared,07/01/2024,"AGI*RENTERS/CONDO INS 800-370-1990 FL",15.01,
Cleared,06/30/2024,"MONEY FOR THE REST OF TUCSON AZ null XXXXXXXXXXXX1091",25.00,
Cleared,06/30/2024,"APPLE.COM/BILL 866-712-7753 CA null XXXXXXXXXXXX1594",11.98,
Cleared,06/30/2024,"PTC EZ PASS AUTO RE. HARRISBURG PA",60.00,
Cleared,06/29/2024,"QUIP NYC INC. NEW YORK NY null XXXXXXXXXXXX0172",17.42,
Cleared,06/29/2024,"BANKLESS NEW YORK NY null XXXXXXXXXXXX1091",22.00,
Cleared,06/29/2024,"GOOGLE *Google Storage 650-253-0000 CA",2.99,
Cleared,06/28/2024,"APPLE.COM/BILL 866-712-7753 CA null XXXXXXXXXXXX1594",,-38.10
Cleared,06/28/2024,"OTT* DROPOUT LOS ANGELES CA null XXXXXXXXXXXX3312",4.99,
Cleared,06/28/2024,"PRX.ORG BRIGHTON MA null XXXXXXXXXXXX4702",7.67,
Cleared,06/28/2024,"GOOGLE *HEADSPACE INC 650-253-0000 CA",13.85,
Cleared,06/28/2024,"DONOTPAY PALO ALTO CA null XXXXXXXXXXXX1297",36.00,
Cleared,06/28/2024,"APPLE.COM/BILL CUPERTINO CA null XXXXXXXXXXXX1594",9.99,
Cleared,06/28/2024,"APPLE.COM/BILL 866-712-7753 CA null XXXXXXXXXXXX1594",97.96,
Cleared,06/27/2024,"APPLE.COM/BILL 866-712-7753 CA null XXXXXXXXXXXX1594",2.99,
Cleared,06/27/2024,"APPLE.COM/BILL 866-712-7753 CA null XXXXXXXXXXXX1594",4.34,
Cleared,06/27/2024,"APPLE.COM/BILL 866-712-7753 CA null XXXXXXXXXXXX1594",15.23,
Cleared,06/25/2024,"GRUBHUBGHPLUS 8775851085 NY",10.79,
Cleared,06/24/2024,"REGIONAL FLIGHT CENTRE CHRIST CHURCH BRB",14.07,
Cleared,06/23/2024,"mygam/donationalerts.c Amsterdam NLD",11.80,
Cleared,06/23/2024,"Roku for Disney Electr 8162728107 DE null XXXXXXXXXXXX4263",13.99,
Cleared,06/22/2024,"ZOOM.US 888-799-9666 SAN JOSE CA null XXXXXXXXXXXX4757",16.37,
Cleared,06/22/2024,"THE GAP'S CONVENIENCE CHRIST CHURCH BRB",37.14,
Cleared,06/21/2024,"CRYPTOALERTING NEWARK DE null XXXXXXXXXXXX1091",4.99,
Cleared,06/21/2024,"WIX.COM*1122529045 NEW YORK NY",2.99,
Cleared,06/21/2024,"FOREIGN TRANSACTION FEE",2.28,
Cleared,06/20/2024,"THE GAP'S CONVENIENCE CHRIST CHURCH BRB",11.59,
Cleared,06/18/2024,"ONLYFANS.COM*A 8886880458 FL",15.99,
Cleared,06/17/2024,"MIDJOURNEY INC. SOUTH SAN FRA CA null XXXXXXXXXXXX7945",10.89,
Cleared,06/17/2024,"PANERA SIP CLUB 606283 855-372-6372 NY null XXXXXXXXXXXX7786",13.05,
Cleared,06/16/2024,"AUTOPAY 230520090055445RAUTOPAY AUTO-PMT",,-41.00
Cleared,06/16/2024,"NYTimes*NYTimes 8006984637 NY",20.00,
Cleared,06/15/2024,"KREA.AI SAN FRANCISCO CA null XXXXXXXXXXXX1091",15.00,
Cleared,06/13/2024,"APPLE.COM/BILL 866-712-7753 CA null XXXXXXXXXXXX4491",19.04,
Cleared,06/12/2024,"IMGNAI SHERIDAN WY null XXXXXXXXXXXX1091",6.90,
Cleared,06/12/2024,"Audible*4L9ZA0LP3 8882835051 NJ",14.95,
Cleared,06/09/2024,"APPLE.COM/BILL 866-712-7753 CA null XXXXXXXXXXXX4491",64.22,
Cleared,06/09/2024,"SHELL OIL 516089601QPS BOWLING GREEN KY",30.01,
Cleared,06/08/2024,"NEBULA SUBSCRIPTION DENVER CO null XXXXXXXXXXXX3508",5.00,
Cleared,06/08/2024,"OPENAI *CHATGPT SUBSCR SAN FRANCISCO CA null XXXXXXXXXXXX1021",21.78,
Cleared,06/08/2024,"POKERGO SUBSCRIPTION LAS VEGAS NV null XXXXXXXXXXXX8311",29.99,
Cleared,06/08/2024,"HOTELTONIGHTHILTON CO 8333380302 CA null XXXXXXXXXXXX1594",203.00,
Cleared,06/07/2024,"SIE*PLAYSTATIONNETWORK 800-345-7669 CA",19.59,
Cleared,06/07/2024,"AMC 9640 ONLINE LEAWOOD KS",24.95,
Cleared,06/06/2024,"Account Pro by AOL 8008276364 VA",7.61,
Cleared,06/05/2024,"SUNDAYS INSURANCE WILMINGTON DE null XXXXXXXXXXXX1091",12.00,
Cleared,06/05/2024,"WIX.COM 14156399034 CA",2.99,
Cleared,06/04/2024,"ONLINE PAYMENT, THANK YOU",,-1129.93
Cleared,06/04/2024,"APPLE.COM/BILL 866-712-7753 CA null XXXXXXXXXXXX4491",30.48,
Cleared,06/03/2024,"Spotify USA New York NY null XXXXXXXXXXXX8871",14.99,
Cleared,06/02/2024,"SIE*PLAYSTATIONNETWORK 800-345-7669 CA",13.05,
Cleared,06/01/2024,"ABC*30835-NYSC NEW YORK NY",57.46,
Cleared,06/01/2024,"Google GSUITE_gmdao.or Dublin IRL",64.94,
Cleared,05/30/2024,"MONEY FOR THE REST OF TUCSON AZ null XXXXXXXXXXXX1091",25.00,
Cleared,05/29/2024,"APPLE.COM/BILL 866-712-7753 CA null XXXXXXXXXXXX4491",13.04,
Cleared,05/29/2024,"BANKLESS NEW YORK NY null XXXXXXXXXXXX1091",22.00,
Cleared,05/29/2024,"ABC*30835-NYSC NEW YORK NY",73.14,
Cleared,05/29/2024,"GOOGLE *Google Storage 650-253-0000 CA",2.99,
Cleared,05/29/2024,"APPLE.COM/BILL 866-712-7753 CA null XXXXXXXXXXXX4491",5.43,
Cleared,05/29/2024,"APPLE.COM/BILL 866-712-7753 CA null XXXXXXXXXXXX4491",9.99,
Cleared,05/28/2024,"OTT* DROPOUT LOS ANGELES CA null XXXXXXXXXXXX3312",4.99,
Cleared,05/28/2024,"PRX.ORG BRIGHTON MA null XXXXXXXXXXXX4702",7.67,
Cleared,05/28/2024,"GOOGLE *HEADSPACE INC 650-253-0000 CA",13.85,
Cleared,05/27/2024,"SEAMLSSWILLIAMGREENBE 8002561020 NY null XXXXXXXXXXXX6884",41.72,
Cleared,05/27/2024,"SQ *FILLUP COFFEE New York NY null XXXXXXXXXXXX1594",16.27,
Cleared,05/26/2024,"D AGOSTINO #15 NEW YORK NY null XXXXXXXXXXXX1594",125.44,
Cleared,05/25/2024,"CVS/PHARMACY #02445 NEW YORK NY null XXXXXXXXXXXX1594",11.42,
Cleared,05/25/2024,"GRUBHUBGHPLUS 8775851085 NY",10.79,
Cleared,05/25/2024,"SEAMLSSBONCHON 8002561020 NY null XXXXXXXXXXXX1594",29.04,
Cleared,05/24/2024,"mygam/donationalerts.c Amsterdam NLD",11.50,
Cleared,05/24/2024,"SEAMLSSLENWICH 8002561020 NY null XXXXXXXXXXXX1594",35.68,
Cleared,05/23/2024,"Roku for Disney Electr 8162728107 DE null XXXXXXXXXXXX4263",13.99,
Cleared,05/23/2024,"APPLE.COM/BILL CUPERTINO CA null XXXXXXXXXXXX4491",2.99,
Cleared,05/23/2024,"SEAMLSSCARLOSGABBYSGR 8002561020 NY null XXXXXXXXXXXX6884",27.61,
Cleared,05/22/2024,"WIX.COM 1117440035 SAN FRANCISCO CA",2.99,
Cleared,05/22/2024,"ZOOM.US 888-799-9666 SAN JOSE CA null XXXXXXXXXXXX4757",16.37,
Cleared,05/22/2024,"STARBUCKS STORE 07699 NEW YORK NY null XXXXXXXXXXXX1594",14.96,
Cleared,05/21/2024,"CRYPTOALERTING NEWARK DE null XXXXXXXXXXXX1091",4.99,
Cleared,05/21/2024,"ONLYFANS.COM*A 8886880458 FL",5.00,
Cleared,05/21/2024,"AMZ*Amazon Payments AMZN.COM/BILL WA null XXXXXXXXXXXX5720",78.09,
Cleared,05/21/2024,"FOREIGN TRANSACTION FEE",1.92,
Cleared,05/19/2024,"NYTimes*NYTimes 8006984637 NY",20.00,
Cleared,05/18/2024,"ONLYFANS.COM*A 8886880458 FL",4.80,
Cleared,05/18/2024,"PANERA SIP CLUB 606283 855-372-6372 NY null XXXXXXXXXXXX7786",13.05,
Cleared,05/18/2024,"UBR POSTMATES 8005928996 CA null XXXXXXXXXXXX1594",24.99,
Cleared,05/18/2024,"N Y WASH INC. NEW YORK NY null XXXXXXXXXXXX1594",17.00,
Cleared,05/17/2024,"MIDJOURNEY INC. SOUTH SAN FRA CA null XXXXXXXXXXXX7945",10.89,
Cleared,05/17/2024,"APPLE.COM/BILL 866-712-7753 CA null XXXXXXXXXXXX4491",7.61,
Cleared,05/17/2024,"APPLE.COM/BILL 866-712-7753 CA null XXXXXXXXXXXX4491",14.18,
Cleared,05/16/2024,"AUTOPAY 230520090055445RAUTOPAY AUTO-PMT",,-41.00
Cleared,05/15/2024,"KREA.AI SAN FRANCISCO CA null XXXXXXXXXXXX1091",15.00,
Cleared,05/14/2024,"SEAMLSSNEWASIACHINESE 8002561020 NY null XXXXXXXXXXXX1594",28.74,
Cleared,05/12/2024,"Audible*806P52U03 8882835051 NJ",14.95,
Cleared,05/12/2024,"PTC EZ PASS AUTO RE. HARRISBURG PA",60.00,
Cleared,05/11/2024,"IMGNAI SHERIDAN WY null XXXXXXXXXXXX1091",6.90,
Cleared,05/11/2024,"D AGOSTINO #15 NEW YORK NY null XXXXXXXXXXXX1594",65.38,
Cleared,05/10/2024,"ONLINE PAYMENT, THANK YOU",,-1526.85
Cleared,05/10/2024,"LINDA S BAKERY GARNET VALLEY PA",19.50,
Cleared,05/10/2024,"FISHERS DELI GARNET VALLEY PA",20.46,
Cleared,05/10/2024,"LANCASTER COUNTY MEATS GARNET VALLEY PA",50.02,
Cleared,05/09/2024,"GIANT 6278 ASTON PA null XXXXXXXXXXXX1594",13.14,
Cleared,05/08/2024,"NEBULA SUBSCRIPTION DENVER CO null XXXXXXXXXXXX3508",5.00,
Cleared,05/08/2024,"CHATGPT SUBSCRIPTION SAN FRANCISCO CA null XXXXXXXXXXXX1021",21.78,
Cleared,05/08/2024,"SEAMLSSMAMOUNS 8002561020 NY null XXXXXXXXXXXX1594",17.48,
Cleared,05/08/2024,"DAIRY QUEEN #13554 ASTON PA null XXXXXXXXXXXX1594",23.75,
Cleared,05/07/2024,"UBER ONE 8005928996 CA null XXXXXXXXXXXX7786",1.97,
Cleared,05/07/2024,"SIE*PLAYSTATIONNETWORK 800-345-7669 CA",19.59,
Cleared,05/07/2024,"AMC 9640 ONLINE LEAWOOD KS",24.95,
Cleared,05/07/2024,"SUNOCO 0368299401 QPS CRANBURY NJ",36.90,
Cleared,05/06/2024,"Account Pro by AOL 8008276364 VA",7.61,
Cleared,05/06/2024,"WONDER NEW YORK NY null XXXXXXXXXXXX1594",56.52,
Cleared,05/06/2024,"N Y WASH INC. NEW YORK NY null XXXXXXXXXXXX1594",22.00,
Cleared,05/05/2024,"SUNDAYS INSURANCE WILMINGTON DE null XXXXXXXXXXXX1091",12.00,
Cleared,05/05/2024,"WIX.COM 14156399034 CA",2.99,
Cleared,05/05/2024,"APPLE.COM/BILL 866-712-7753 CA null XXXXXXXXXXXX4491",18.50,
Cleared,05/05/2024,"APPLE.COM/BILL CUPERTINO CA null XXXXXXXXXXXX4491",20.68,
Cleared,05/05/2024,"SEAMLSSBROADNOSHBAGEL 8002561020 NY null XXXXXXXXXXXX1594",31.68,
Cleared,05/03/2024,"Spotify USA New York NY null XXXXXXXXXXXX8871",14.99,
Cleared,05/03/2024,"CVS/PHARMACY #00360 NORTH ARLINGT NJ null XXXXXXXXXXXX1594",39.09,
Cleared,05/02/2024,"SIE*PLAYSTATIONNETWORK 800-345-7669 CA",13.05,
Cleared,05/01/2024,"ABC*30835-NYSC NEW YORK NY",57.46,
Cleared,05/01/2024,"Google GSUITE_gmdao.or Dublin IRL",64.07,
Cleared,05/01/2024,"UBR POSTMATES 8005928996 CA null XXXXXXXXXXXX1594",5.36,
Cleared,05/01/2024,"AGI*RENTERS/CONDO INS 800-370-1990 FL",12.49,
Cleared,05/01/2024,"UBER EATS 8005928996 CA null XXXXXXXXXXXX1594",1.46,
Cleared,04/30/2024,"MONEY FOR THE REST OF TUCSON AZ null XXXXXXXXXXXX1091",25.00,
Cleared,04/30/2024,"APPLE.COM/BILL 866-712-7753 CA null XXXXXXXXXXXX4491",17.41,
Cleared,04/30/2024,"PTC EZ PASS AUTO RE. HARRISBURG PA",60.00,
Cleared,04/30/2024,"SQ *VLC COLUMBUS AT 86 New York NY null XXXXXXXXXXXX1594",26.14,
Cleared,04/29/2024,"BANKLESS NEW YORK NY null XXXXXXXXXXXX1091",22.00,
Cleared,04/29/2024,"TRADER JOE S #545 NEW YORK NY null XXXXXXXXXXXX1594",35.99,
Cleared,04/29/2024,"DUANE READE #14202 NEW YORK NY null XXXXXXXXXXXX1594",50.99,
Cleared,04/29/2024,"GOOGLE *Google Storage 650-253-0000 CA",2.99,
Cleared,04/29/2024,"SEAMLSSBROADNOSHBAGEL 8002561020 NY null XXXXXXXXXXXX1594",22.75,
Cleared,04/28/2024,"OTT* DROPOUT LOS ANGELES CA null XXXXXXXXXXXX3312",4.99,
Cleared,04/28/2024,"GOOGLE *HEADSPACE INC 650-253-0000 CA",13.85,
Cleared,04/28/2024,"PRX.ORG BRIGHTON MA null XXXXXXXXXXXX4702",7.67,
Cleared,04/28/2024,"SQ *ERIE COFFEESHOP & Rutherford NJ null XXXXXXXXXXXX1594",33.43,
Cleared,04/27/2024,"KEY FOOD #2514 NEW YORK NY null XXXXXXXXXXXX1594",13.73,
Cleared,04/27/2024,"SQ *BREAD ALONE UNION LAKE KATRINE NY null XXXXXXXXXXXX1594",12.50,
Cleared,04/27/2024,"SQ *LYNNHAVEN, LLC New York NY null XXXXXXXXXXXX1594",30.16,
Cleared,04/27/2024,"BREEZY HILL ORCHARD STAATSBURG NY null XXXXXXXXXXXX1594",20.00,
Cleared,04/26/2024,"APPLE.COM/BILL 866-712-7753 CA null XXXXXXXXXXXX4491",20.65,
Cleared,04/26/2024,"UBER EATS 8005928996 CA null XXXXXXXXXXXX1594",63.92,
Cleared,04/25/2024,"GRUBHUBGHPLUS 8775851085 NY",10.79,
Cleared,04/24/2024,"mygam/donationalerts.c Amsterdam NLD",11.10,
Cleared,04/24/2024,"D AGOSTINO #15 NEW YORK NY null XXXXXXXXXXXX1594",37.62,
Cleared,04/24/2024,"APPLE.COM/BILL 866-712-7753 CA null XXXXXXXXXXXX4491",2.99,
Cleared,04/24/2024,"BRICKMAN'S COLUMBUS AV NEW YORK NY null XXXXXXXXXXXX1594",4.36,
Cleared,04/24/2024,"SEAMLSSNEWASIACHINESE 8002561020 NY null XXXXXXXXXXXX1594",15.65,
Cleared,04/23/2024,"UBER EATS 8005928996 CA null XXXXXXXXXXXX1594",61.32,
Cleared,04/23/2024,"Roku for Disney Electr 8162728107 DE null XXXXXXXXXXXX4263",13.99,
Cleared,04/23/2024,"AMZ*Amazon Payments AMZN.COM/BILL WA null XXXXXXXXXXXX5720",33.02,
Cleared,04/22/2024,"WIX.COM 1112370029 SAN FRANCISCO CA",2.99,
Cleared,04/22/2024,"NYTIMES* 8006984637 NY",20.00,
Cleared,04/22/2024,"ZOOM.US 888-799-9666 SAN JOSE CA null XXXXXXXXXXXX4757",16.37,
Cleared,04/22/2024,"SQ *FILLUP COFFEE New York NY null XXXXXXXXXXXX1594",14.15,
Cleared,04/21/2024,"CRYPTOALERTING NEWARK DE null XXXXXXXXXXXX1091",4.99,
Cleared,04/20/2024,"D AGOSTINO #15 NEW YORK NY null XXXXXXXXXXXX1594",34.43,
Cleared,04/19/2024,"TRADER JOE S #545 NEW YORK NY null XXXXXXXXXXXX1594",43.06,
Cleared,04/19/2024,"ONLYFANS 8886880458 FL",15.00,
Cleared,04/19/2024,"FOREIGN TRANSACTION FEE",1.45,
Cleared,04/18/2024,"PANERA SIP CLUB 606283 855-372-6372 NY null XXXXXXXXXXXX7786",13.05,
Cleared,04/18/2024,"UBR POSTMATES 8005928996 CA null XXXXXXXXXXXX1594",23.86,
Cleared,04/17/2024,"MIDJOURNEY INC. SOUTH SAN FRA CA null XXXXXXXXXXXX7945",10.89,
Cleared,04/17/2024,"SQ *FILLUP COFFEE New York NY null XXXXXXXXXXXX1594",7.53,
Cleared,04/16/2024,"AUTOPAY 230520090055445RAUTOPAY AUTO-PMT",,-41.00
Cleared,04/16/2024,"APPLE.COM/BILL 866-712-7753 CA null XXXXXXXXXXXX4491",14.99,
Cleared,04/16/2024,"SEAMLSSSHAWARMASHABAZ 8002561020 NY null XXXXXXXXXXXX1594",31.44,
Cleared,04/16/2024,"N Y WASH INC. NEW YORK NY null XXXXXXXXXXXX1594",24.00,
Cleared,04/15/2024,"KREA.AI SAN FRANCISCO CA null XXXXXXXXXXXX1091",15.00,
Cleared,04/14/2024,"APPLE.COM/BILL 866-712-7753 CA null XXXXXXXXXXXX4491",20.68,
Cleared,04/14/2024,"RAISING CANES 0888 NEW YORK NY null XXXXXXXXXXXX1594",32.64,
Cleared,04/13/2024,"ONLINE PAYMENT, THANK YOU",,-1212.50
Cleared,04/12/2024,"Audible*0K56732V3 8882835051 NJ",14.95,
Cleared,04/10/2024,"IMGNAI APP SHERIDAN WY null XXXXXXXXXXXX1091",6.90,
Cleared,04/09/2024,"THINK DIFFUSION INC. HOUSTON TX",20.00,
Cleared,04/09/2024,"AMZ*Amazon Payments AMZN.COM/BILL WA null XXXXXXXXXXXX5720",53.11,
Cleared,04/08/2024,"NEBULA SUBSCRIPTION DENVER CO null XXXXXXXXXXXX3508",5.00,
Cleared,04/08/2024,"CHATGPT SUBSCRIPTION SAN FRANCISCO CA null XXXXXXXXXXXX1021",21.78,
Cleared,04/07/2024,"UBR POSTMATES 8005928996 CA null XXXXXXXXXXXX1594",32.42,
Cleared,04/07/2024,"UBER ONE 8005928996 CA null XXXXXXXXXXXX7786",9.99,
Cleared,04/07/2024,"SIE*PLAYSTATIONNETWORK 800-345-7669 CA",19.59,
Cleared,04/07/2024,"AMC 9640 ONLINE LEAWOOD KS",24.95,
Cleared,04/06/2024,"WIX.COM 14156399034 CA",2.99,
Cleared,04/06/2024,"Account Pro by AOL 8008276364 VA",7.61,
Cleared,04/06/2024,"SEAMLSSSAPPSUPPERWEST 8002561020 NY null XXXXXXXXXXXX1594",24.39,
Cleared,04/05/2024,"SUNDAYS INSURANCE WILMINGTON DE null XXXXXXXXXXXX1091",12.00,
Cleared,04/05/2024,"CURIOSITYSTREAM SILVER SPRING MD null XXXXXXXXXXXX1297",39.99,
Cleared,04/05/2024,"APPLE.COM/BILL 866-712-7753 CA null XXXXXXXXXXXX4491",11.98,
Cleared,04/05/2024,"APPLE.COM/BILL 866-712-7753 CA null XXXXXXXXXXXX4491",18.50,
Cleared,04/03/2024,"Spotify USA New York NY null XXXXXXXXXXXX8871",14.99,
Cleared,04/02/2024,"SELECT MEDIA LLC 8449273881 MD",9.99,
Cleared,04/02/2024,"SIE*PLAYSTATIONNETWORK 800-345-7669 CA",13.05,
Cleared,04/02/2024,"SELECT MEDIA 8449273881 TX",45.26,
Cleared,04/02/2024,"SELECT MEDIA 8449273881 TX",55.26,
Cleared,04/02/2024,"SELECT MEDIA 8449273881 TX",60.26,
Cleared,04/01/2024,"Google GSUITE_gmdao.or Dublin IRL",48.36,
Cleared,04/01/2024,"ABC*30835-NYSC NEW YORK NY",57.46,
Cleared,04/01/2024,"AGI*RENTERS/CONDO INS 800-370-1990 FL",12.50,
Cleared,04/01/2024,"PTC EZ PASS AUTO RE. HARRISBURG PA",60.00,
Cleared,03/31/2024,"EXXON RIDGE SERVICE ST LYNDHURST NJ",26.19,
Cleared,03/30/2024,"MONEY FOR THE REST OF TUCSON AZ null XXXXXXXXXXXX1091",25.00,
Cleared,03/29/2024,"ONLINE PAYMENT, THANK YOU",,-3582.07
Cleared,03/29/2024,"APPLE.COM/BILL 866-712-7753 CA null XXXXXXXXXXXX4491",14.13,
Cleared,03/29/2024,"BANKLESS NEW YORK NY null XXXXXXXXXXXX1091",22.00,
Cleared,03/29/2024,"QUIP NYC INC. NEW YORK NY null XXXXXXXXXXXX0172",17.42,
Cleared,03/29/2024,"GOOGLE *Google Storage 650-253-0000 CA",2.99,
Cleared,03/29/2024,"UBR POSTMATES 8005928996 CA null XXXXXXXXXXXX1594",41.23,
Cleared,03/28/2024,"OTT* DROPOUT LOS ANGELES CA null XXXXXXXXXXXX3312",4.99,
Cleared,03/28/2024,"GOOGLE *HEADSPACE INC 650-253-0000 CA",13.85,
Cleared,03/28/2024,"PRX.ORG BRIGHTON MA null XXXXXXXXXXXX4702",7.67,
Cleared,03/28/2024,"DO NOT PAY LAW PALO ALTO CA null XXXXXXXXXXXX1297",36.00,
Cleared,03/28/2024,"SEAMLSSLENWICH 8002561020 NY null XXXXXXXXXXXX1594",22.09,
Cleared,03/26/2024,"STARBUCKS 07699 NEW YORK NY null XXXXXXXXXXXX1594",9.62,
Cleared,03/26/2024,"AMZ*Amazon Payments AMZN.COM/BILL WA null XXXXXXXXXXXX5720",17.28,
Cleared,03/26/2024,"SEAMLSSSHAWARMASHABAZ 8002561020 NY null XXXXXXXXXXXX1594",26.79,
Cleared,03/26/2024,"MTA*NYCT PAYGO NEW YORK NY null XXXXXXXXXXXX1594",2.90,
Cleared,03/26/2024,"N Y WASH INC. NEW YORK NY null XXXXXXXXXXXX1594",31.00,
Cleared,03/25/2024,"mygam/donationalerts.c Amsterdam NLD",11.20,
Cleared,03/25/2024,"GRUBHUBGHPLUS 8775851085 NY",10.79,
Cleared,03/24/2024,"APPLE.COM/BILL 866-712-7753 CA null XXXXXXXXXXXX4491",2.99,
Cleared,03/24/2024,"NYTimes*NYTimes 8006984637 NY",20.00,
Cleared,03/23/2024,"UBR POSTMATES 8005928996 CA null XXXXXXXXXXXX1594",27.39,
Cleared,03/23/2024,"UBR POSTMATES 8005928996 CA null XXXXXXXXXXXX1594",25.45,
Cleared,03/23/2024,"Roku for Disney Electr 8162728107 DE null XXXXXXXXXXXX4263",13.98,
Cleared,03/23/2024,"SELECT MEDIA 8449273881 TX",8.00,
Cleared,03/22/2024,"WIX.COM 14156399034 CA",2.99,
Cleared,03/22/2024,"ZOOM.US 888-799-9666 SAN JOSE CA null XXXXXXXXXXXX4757",16.37,
Cleared,03/22/2024,"ONLYFANS.COM*A 8886880458 FL",9.99,
Cleared,03/21/2024,"CRYPTOALERTING NEWARK DE null XXXXXXXXXXXX1091",4.99,
Cleared,03/21/2024,"GREEN APPLE SMOKE NEW YORK NY null XXXXXXXXXXXX1594",26.00,
Cleared,03/21/2024,"FOREIGN TRANSACTION FEE",110.83,
Cleared,03/20/2024,"AMSTERDAM FINEST CONVE NEW YORK NY null XXXXXXXXXXXX1594",22.88,
Cleared,03/19/2024,"PANERA SIP CLUB 606283 855-372-6372 NY null XXXXXXXXXXXX7786",13.05,
Cleared,03/19/2024,"Audible*RH1R749H0 8882835051 NJ",14.00,
Cleared,03/19/2024,"SEAMLSSNEWASIACHINESE 8002561020 NY null XXXXXXXXXXXX1594",17.57,
Cleared,03/17/2024,"MIDJOURNEY INC. SOUTH SAN FRA CA null XXXXXXXXXXXX7945",10.89,
Cleared,03/17/2024,"APPLE.COM/BILL 866-712-7753 CA null XXXXXXXXXXXX4491",9.78,
Cleared,03/16/2024,"AUTOPAY 230520090055445RAUTOPAY AUTO-PMT",,-41.00
Cleared,03/16/2024,"Lyndhurst Pastry Shop Lyndhurst NJ null XXXXXXXXXXXX1594",19.03,
Cleared,03/16/2024,"UBR POSTMATES 8005928996 CA null XXXXXXXXXXXX1594",43.16,
Cleared,03/15/2024,"KREA.AI SAN FRANCISCO CA null XXXXXXXXXXXX1091",15.00,
Cleared,03/15/2024,"Prestige Transmission new york NY",89.82,
Cleared,03/15/2024,"SQ *STRONG ROPE BREWER BROOKLYN NY",20.00,
Cleared,03/15/2024,"LEXHILL CONVENIENCE CO NEW YORK NY null XXXXXXXXXXXX1594",28.31,
Cleared,03/14/2024,"Thankyou Points Redeemed TY OR235501709",,-427.00
Cleared,03/14/2024,"APPLE.COM/BILL 866-712-7753 CA null XXXXXXXXXXXX4491",8.70,
Cleared,03/14/2024,"NYTimes*NYTimes 8006984637 NY",54.44,
Cleared,03/14/2024,"FOUNTAIN PEN HOSPITAL NEW YORK NY",247.15,
Cleared,03/14/2024,"HAN S FAMILY MARKET NEW YORK NY null XXXXXXXXXXXX1594",23.26,
Cleared,03/13/2024,"PANERA BREAD #606303 O 855-372-6372 NY null XXXXXXXXXXXX1594",37.00,
Cleared,03/13/2024,"CVS/PHARMACY #02360 NEW YORK NY null XXXXXXXXXXXX1594",63.58,
Cleared,03/12/2024,"Audible*RN0KI4QJ1 8882835051 NJ",14.95,
Cleared,03/12/2024,"AMZ*Amazon Payments AMZN.COM/BILL WA null XXXXXXXXXXXX5720",57.47,
Cleared,03/11/2024,"HAD*HARRY & DAVID 800-345-5655 OR null XXXXXXXXXXXX1594",56.30,
Cleared,03/11/2024,"HAD*HARRY & DAVID 800-345-5655 OR null XXXXXXXXXXXX1594",40.28,
Cleared,03/11/2024,"ONLYFANS.COM*A 8886880458 FL",3.00,
Cleared,03/10/2024,"CONVENIENCE ON COLUMBU NEW YORK NY null XXXXXXXXXXXX1594",26.00,
Cleared,03/09/2024,"ONLINE PAYMENT, THANK YOU",,-2000.00
Cleared,03/09/2024,"UBR POSTMATES 8005928996 CA null XXXXXXXXXXXX1594",21.96,
Cleared,03/09/2024,"IMGNAI APP SHERIDAN WY",6.90,
Cleared,03/09/2024,"CONVENIENCE ON COLUMBU NEW YORK NY null XXXXXXXXXXXX1594",20.80,
Cleared,03/08/2024,"NEBULA SUBSCRIPTION DENVER CO null XXXXXXXXXXXX3508",5.00,
Cleared,03/08/2024,"CHATGPT SUBSCRIPTION SAN FRANCISCO CA null XXXXXXXXXXXX1021",21.78,
Cleared,03/08/2024,"POKERGO SUBSCRIPTION LAS VEGAS NV null XXXXXXXXXXXX8311",29.99,
Cleared,03/08/2024,"SEAMLSSLENWICH 8002561020 NY null XXXXXXXXXXXX6884",29.28,
Cleared,03/07/2024,"DUANE READE #14146 NEW YORK NY null XXXXXXXXXXXX1594",80.39,
Cleared,03/07/2024,"UBER ONE 8005928996 CA null XXXXXXXXXXXX7786",6.80,
Cleared,03/07/2024,"AMC 9640 ONLINE LEAWOOD KS",24.95,
Cleared,03/07/2024,"TST* SALA THAI New York NY",93.72,
Cleared,03/06/2024,"Account Pro by AOL 8008276364 VA",7.61,
Cleared,03/06/2024,"PT *MOUNT SINAI NEW YORK NY",55.64,
Cleared,03/06/2024,"ENCORE.DEV STOCKHOLM SWE",3651.73,
Cleared,03/06/2024,"SIE*PLAYSTATIONNETWORK 800-345-7669 CA",19.59,
Cleared,03/05/2024,"WIX.COM 1104266607 SAN FRANCISCO CA",2.99,
Cleared,03/05/2024,"DOMINO'S 3463 NEW YORK NY null XXXXXXXXXXXX1594",38.20,
Cleared,03/05/2024,"APPLE.COM/BILL 866-712-7753 CA null XXXXXXXXXXXX4491",43.54,
Cleared,03/04/2024,"SUNDAYS INSURANCE WILMINGTON DE null XXXXXXXXXXXX1091",12.00,
Cleared,03/04/2024,"APPLE.COM/BILL 866-712-7753 CA null XXXXXXXXXXXX4491",20.68,
Cleared,03/04/2024,"APPLE.COM/BILL 866-712-7753 CA null XXXXXXXXXXXX4491",30.48,
Cleared,03/03/2024,"Spotify USA New York NY null XXXXXXXXXXXX8871",14.99,
Cleared,03/02/2024,"LIME*RIDE COST SAN FRANCISCO CA null XXXXXXXXXXXX7786",3.83,
Cleared,03/02/2024,"SIE*PLAYSTATIONNETWORK 800-345-7669 CA",13.05,
Cleared,03/01/2024,"HAD*HARRY & DAVID 800-345-5655 OR",32.65,
Cleared,03/01/2024,"UBER TRIP 8005928996 CA null XXXXXXXXXXXX9086",24.25,
Cleared,03/01/2024,"UBER TRIP 8005928996 CA null XXXXXXXXXXXX9086",31.16,
Cleared,03/01/2024,"Google GSUITE_gmdao.or Dublin IRL",42.80,
Cleared,03/01/2024,"ABC*30835-NYSC NEW YORK NY",57.46,
Cleared,03/01/2024,"AGI*RENTERS/CONDO INS 800-370-1990 FL",12.50,
Cleared,02/29/2024,"UBER TRIP 8005928996 CA null XXXXXXXXXXXX9086",29.51,
Cleared,02/29/2024,"BANKLESS NEW YORK NY null XXXXXXXXXXXX1091",22.00,
Cleared,02/29/2024,"MONEY FOR THE REST OF TUCSON AZ null XXXXXXXXXXXX1091",25.00,
Cleared,02/29/2024,"GOOGLE *Google Storage 650-253-0000 CA",2.99,
Cleared,02/29/2024,"UBER TRIP 8005928996 CA null XXXXXXXXXXXX9086",5.00,
Cleared,02/29/2024,"UBER TRIP 8005928996 CA null XXXXXXXXXXXX9086",11.51,
Cleared,02/28/2024,"OTT* DROPOUT LOS ANGELES CA null XXXXXXXXXXXX3312",4.99,
Cleared,02/28/2024,"PRX.ORG BRIGHTON MA null XXXXXXXXXXXX4702",7.67,
Cleared,02/28/2024,"GOOGLE *HEADSPACE INC 650-253-0000 CA",13.85,
Cleared,02/28/2024,"APPLE.COM/BILL CUPERTINO CA null XXXXXXXXXXXX4491",5.43,
Cleared,02/28/2024,"APPLE.COM/BILL 866-712-7753 CA null XXXXXXXXXXXX4491",6.52,
Cleared,02/28/2024,"UBER TRIP 8005928996 CA null XXXXXXXXXXXX9086",13.15,
Cleared,02/28/2024,"UBER TRIP 8005928996 CA null XXXXXXXXXXXX9086",19.46,
Cleared,02/27/2024,"LIME*SUBSCRIPTION COST SAN FRANCISCO CA null XXXXXXXXXXXX7786",14.13,
Cleared,02/26/2024,"APPLE.COM/BILL CUPERTINO CA null XXXXXXXXXXXX4491",7.61,
Cleared,02/26/2024,"EXXON RIDGE SERVICE ST LYNDHURST NJ",25.92,
Cleared,02/25/2024,"Wix.Com, Inc. New York NY null XXXXXXXXXXXX9109",2.99,
Cleared,02/25/2024,"GRUBHUBGHPLUS 8775851085 NY",10.79,
Cleared,02/25/2024,"NYTimes*NYTimes 8006984637 NY",20.00,
Cleared,02/24/2024,"mygam/donationalerts.c Amsterdam NLD",11.20,
Cleared,02/24/2024,"APPLE.COM/BILL 866-712-7753 CA null XXXXXXXXXXXX4491",2.99,
Cleared,02/24/2024,"Audible*RZ4DP9T70 8882835051 NJ",5.99,
Cleared,02/23/2024,"Roku for Disney Electr 8162728107 DE null XXXXXXXXXXXX4263",13.99,
Cleared,02/23/2024,"SELECT MEDIA 8449273881 TX",8.00,
Cleared,02/23/2024,"ONLYFANS 8479622802 FL",40.00,
Cleared,02/22/2024,"ZOOM.US 888-799-9666 SAN JOSE CA null XXXXXXXXXXXX4757",16.37,
Cleared,02/22/2024,"ONLYFANS.COM*A 8886880458 FL",9.99,
Cleared,02/22/2024,"SQ *AWASH ETHIOPIAN RE New York NY",41.88,
Cleared,02/21/2024,"CRYPTOALERTING NEWARK DE null XXXXXXXXXXXX1091",4.99,
Cleared,02/21/2024,"SEAMLSSTENZANCOLOMBUS 8002561020 NY null XXXXXXXXXXXX6884",38.81,
Cleared,02/21/2024,"FOREIGN TRANSACTION FEE",1.70,
Cleared,02/19/2024,"PTC EZ PASS AUTO RE. HARRISBURG PA",60.00,
Cleared,02/18/2024,"ONLINE PAYMENT, THANK YOU",,-760.02
Cleared,02/18/2024,"PANERA SIP CLUB 606283 855-372-6372 NY null XXXXXXXXXXXX7786",13.05,
Cleared,02/17/2024,"MIDJOURNEY INC. SOUTH SAN FRA CA null XXXXXXXXXXXX7945",10.89,
Cleared,02/16/2024,"AUTOPAY 230520090055445RAUTOPAY AUTO-PMT",,-41.00
Cleared,02/16/2024,"APPLE.COM/BILL CUPERTINO CA null XXXXXXXXXXXX4491",18.50,
Cleared,02/16/2024,"UBER TRIP 8005928996 CA null XXXXXXXXXXXX9086",22.91,
Cleared,02/15/2024,"KREA.AI SAN FRANCISCO CA null XXXXXXXXXXXX1091",15.00,
Cleared,02/13/2024,"AMZ*Amazon Payments AMZN.COM/BILL WA null XXXXXXXXXXXX5720",16.12,
Cleared,02/12/2024,"UBER TRIP 8005928996 CA null XXXXXXXXXXXX9086",22.79,
Cleared,02/12/2024,"UBER TRIP 8005928996 CA null XXXXXXXXXXXX9086",3.36,
Cleared,02/12/2024,"Audible*RI6WU9X80 8882835051 NJ",14.95,
Cleared,02/12/2024,"AMAZON MX MARKETPLACE CIUDAD DE MEX MEX",20.06,
Cleared,02/12/2024,"UBER TRIP 8005928996 CA null XXXXXXXXXXXX9086",27.52,
Cleared,02/12/2024,"UBER TRIP 8005928996 CA null XXXXXXXXXXXX9086",29.57,
Cleared,02/10/2024,"SEAMLSSSLATECAFEUWS 8002561020 NY null XXXXXXXXXXXX6884",55.41,
Cleared,02/08/2024,"NEBULA SUBSCRIPTION DENVER CO null XXXXXXXXXXXX3508",5.00,
Cleared,02/08/2024,"CHATGPT SUBSCRIPTION SAN FRANCISCO CA null XXXXXXXXXXXX1021",21.78,
Cleared,02/08/2024,"NYCDOT PARKING METERS LONG ISLAND C NY",6.00,
Cleared,02/07/2024,"UBER ONE 8005928996 CA null XXXXXXXXXXXX7786",9.99,
Cleared,02/07/2024,"UBER TRIP 8005928996 CA null XXXXXXXXXXXX9086",31.12,
Cleared,02/06/2024,"Account Pro by AOL 8008276364 VA",7.61,
Cleared,02/06/2024,"SIE*PLAYSTATIONNETWORK 877-971-7669 CA",19.59,
Cleared,02/06/2024,"AMC ONLINE 9640 8884404262 KS",24.95,
Cleared,02/05/2024,"APPLE.COM/BILL 866-712-7753 CA null XXXXXXXXXXXX4491",18.50,
Cleared,02/05/2024,"APPLE.COM/BILL 866-712-7753 CA null XXXXXXXXXXXX4491",20.68,
Cleared,02/05/2024,"WIX.COM 14156399034 CA",2.99,
Cleared,02/04/2024,"SUNDAYS INSURANCE WILMINGTON DE null XXXXXXXXXXXX1091",12.00,
Cleared,02/03/2024,"Spotify USA New York NY null XXXXXXXXXXXX8871",14.99,
Cleared,02/02/2024,"PlayStation Network San Mateo CA null XXXXXXXXXXXX8861",13.05,
Cleared,02/02/2024,"PTC EZ PASS AUTO RE. HARRISBURG PA",60.00,
Cleared,02/01/2024,"Google GSUITE_gmdao.or Dublin IRL",36.73,
Cleared,02/01/2024,"ABC*30835-NYSC NEW YORK NY",57.46,
Cleared,02/01/2024,"AGI*RENTERS/CONDO INS 800-370-1990 FL",12.50,
Cleared,01/30/2024,"GOOGLE *Google Storage 650-253-0000 CA",2.99,
Cleared,01/30/2024,"MONEY FOR THE REST OF TUCSON AZ null XXXXXXXXXXXX1091",25.00,
Cleared,01/30/2024,"APPLE.COM/BILL 866-712-7753 CA null XXXXXXXXXXXX4491",11.98,
Cleared,01/29/2024,"BANKLESS NEW YORK NY null XXXXXXXXXXXX1091",22.00,
Cleared,01/28/2024,"OTT* DROPOUT LOS ANGELES CA null XXXXXXXXXXXX3312",4.99,
Cleared,01/28/2024,"PRX.ORG BRIGHTON MA null XXXXXXXXXXXX4702",7.67,
Cleared,01/28/2024,"GOOGLE *HEADSPACE INC 650-253-0000 CA",13.85,
Cleared,01/28/2024,"APPLE.COM/BILL 866-712-7753 CA null XXXXXXXXXXXX4491",5.43,
Cleared,01/28/2024,"APPLE.COM/BILL 866-712-7753 CA null XXXXXXXXXXXX4491",6.52,
Cleared,01/28/2024,"NYTimes*NYTimes 8006984637 NY",20.00,
Cleared,01/26/2024,"APPLE.COM/BILL 866-712-7753 CA null XXXXXXXXXXXX4491",7.61,
Cleared,01/25/2024,"mygam/donationalerts.c Amsterdam NLD",11.80,
Cleared,01/25/2024,"GRUBHUBGHPLUS 8775851085 NY",10.79,
Cleared,01/24/2024,"APPLE.COM/BILL 866-712-7753 CA null XXXXXXXXXXXX4491",2.99,
Cleared,01/24/2024,"HAN S FAMILY MARKET NEW YORK NY null XXXXXXXXXXXX1594",11.35,
Cleared,01/23/2024,"Roku for Disney Electr 8162728107 DE null XXXXXXXXXXXX4263",13.99,
Cleared,01/23/2024,"SELECT MEDIA 8449273881 TX",8.00,
Cleared,01/22/2024,"ONLINE PAYMENT, THANK YOU",,-767.97
Cleared,01/22/2024,"ZOOM.US 888-799-9666 SAN JOSE CA null XXXXXXXXXXXX4757",16.37,
Cleared,01/22/2024,"ONLYFANS.COM*A 8886880458 FL",9.99,
Cleared,01/21/2024,"WIX.COM 1096667861 SAN FRANCISCO CA",2.99,
Cleared,01/21/2024,"CRYPTOALERTING NEWARK DE null XXXXXXXXXXXX1091",4.99,
Cleared,01/19/2024,"PANERA SIP CLUB 606283 855-372-6372 NY null XXXXXXXXXXXX7786",13.05,
Cleared,01/19/2024,"FOREIGN TRANSACTION FEE",1.71,
Cleared,01/17/2024,"MIDJOURNEY INC. SOUTH SAN FRA CA null XXXXXXXXXXXX7945",10.89,
Cleared,01/17/2024,"SP ATLAS STATIONERS CHICAGO IL",32.65,
Cleared,01/16/2024,"AUTOPAY 230520090055445RAUTOPAY AUTO-PMT",,-113.31
Cleared,01/15/2024,"KREA.AI ORLANDO FL null XXXXXXXXXXXX1091",15.00,
Cleared,01/15/2024,"APPLE.COM/BILL 866-712-7753 CA null XXXXXXXXXXXX4491",16.32,
Cleared,01/15/2024,"AMAZON MX MARKETPLACE CIUDAD DE MEX MEX",20.23,
Cleared,01/14/2024,"WWW.THINKDIFFUSION.COM HOUSTON TX",10.00,
Cleared,01/14/2024,"UBER TRIP 8005928996 CA null XXXXXXXXXXXX9086",19.07,
Cleared,01/14/2024,"UBER TRIP 8005928996 CA null XXXXXXXXXXXX9086",19.93,
Cleared,01/13/2024,"ONLYFANS.COM*A 8886880458 FL",3.00,
Cleared,01/12/2024,"Audible*RT2EZ31R2 8882835051 NJ",14.95,
Cleared,01/08/2024,"NEBULA SUBSCRIPTION DENVER CO null XXXXXXXXXXXX3508",5.00,
Cleared,01/08/2024,"CHATGPT SUBSCRIPTION SAN FRANCISCO CA null XXXXXXXXXXXX1021",21.78,
Cleared,01/08/2024,"SP THE GOULET PEN CO HENRICO VA",41.66,
Cleared,01/07/2024,"PlayStation Network San Mateo CA null XXXXXXXXXXXX8861",19.59,
Cleared,01/06/2024,"Account Pro by AOL 8008276364 VA",7.61,
Cleared,01/06/2024,"AMC ONLINE 9640 8884404262 KS",24.95,
Cleared,01/06/2024,"PTC EZ PASS AUTO RE. HARRISBURG PA",60.00,
Cleared,01/05/2024,"APPLE.COM/BILL 866-712-7753 CA null XXXXXXXXXXXX4491",18.50,
Cleared,01/05/2024,"WIX.COM 14156399034 CA",2.99,
Cleared,01/05/2024,"APPLE.COM/BILL 866-712-7753 CA null XXXXXXXXXXXX4491",20.68,
Cleared,01/04/2024,"SUNDAYS INSURANCE WILMINGTON DE null XXXXXXXXXXXX1091",12.00,
Cleared,01/03/2024,"Spotify USA New York NY null XXXXXXXXXXXX8871",14.99,
Cleared,01/03/2024,"DUNKIN #338291 Q35 MEDIA PA",10.93,
Cleared,01/03/2024,"GIANT FUEL 6655 ASTON PA",33.35,
Cleared,01/02/2024,"PlayStation Network San Mateo CA null XXXXXXXXXXXX8861",13.05,
Cleared,01/01/2024,"GOOGLE*GSUITE GMDAO.OR CC GOOGLE.COM IRL",37.25,
Cleared,01/01/2024,"ABC*30835-NYSC NEW YORK NY",57.46,
Cleared,01/01/2024,"AGI*RENTERS/CONDO INS 800-370-1990 FL",12.50,
